{"cameraMode":{"drawMode":0,"name":"Shaded","section":"Shading Mode"},"sceneLighting":true,"audioPlay":false,"sceneViewState":{"showFog":true,"showMaterialUpdate":false,"showSkybox":true,"showFlares":true,"showImageEffects":true,"showParticleSystems":true},"in2DMode":false,"pivot":{"x":0.5127243995666504,"y":1.6780695915222169,"z":-0.6152160167694092},"rotation":{"x":-0.203541561961174,"y":0.49503567814826968,"z":-0.12051946669816971,"w":-0.8360536098480225},"size":8.617025375366211,"orthographic":false}