{"cameraMode":{"drawMode":0,"name":"Shaded","section":"Shading Mode"},"sceneLighting":true,"audioPlay":false,"sceneViewState":{"showFog":true,"showMaterialUpdate":false,"showSkybox":true,"showFlares":true,"showImageEffects":true,"showParticleSystems":true},"in2DMode":false,"pivot":{"x":-0.6993365287780762,"y":-0.2012639045715332,"z":-0.2666916847229004},"rotation":{"x":-0.05158059298992157,"y":0.10674592852592468,"z":-0.005531453527510166,"w":-0.992932140827179},"size":6.471855640411377,"orthographic":false}